{"min": [-0.648153, -0.292711, -0.795359], "max": [0.639417, 0.18667, 0.167511]}