{"min": [-0.634442, -0.188708, -0.793324], "max": [0.606557, 0.1227, 0.155415]}